Time,PM_1,PM_2_5,PM_10
1631741876.0239632,1,2,3
1631741877.054942,1,2,3
1631741878.0858617,1,2,3
1631741879.116785,1,2,3
1631741880.147666,1,2,3
1631741881.178504,1,2,3
1631741882.2093756,1,2,3
1631741883.2402518,1,2,3
1631741884.2711494,1,2,3
1631741885.3020313,1,2,3
1631741886.3329234,1,2,3
1631741887.3638208,1,2,3
1631741888.3945608,1,2,3
1631741889.425395,1,2,3
1631741890.456304,1,2,3
1631741891.4871557,1,2,3
1631741892.5181794,1,2,3
1631741893.5491047,1,2,3
1631741894.5800607,1,2,3
1631741895.6110618,1,2,3
